[{"name":"Worst","price":"1.99","image":"https://media.discordapp.net/attachments/1016275156924116993/1070074835167891537/Worstremovebg.png"},{"name":"Noten","price":"1.99","image":"https://media.discordapp.net/attachments/1016275156924116993/1070074834530345010/notenbgremoved.png"},{"name":"Rook-worst","price":"3.99","image":"https://media.discordapp.net/attachments/1016275156924116993/1070074861407449250/rookworst.png"},{"name":"Chocolade-vla","price":"4.99","image":"https://media.discordapp.net/attachments/1016275156924116993/1070074835721539584/choclade-vla-test.png"}]